题干,答案
连接电气设备的开关需安装在火线上。,正确
凡涉及有害或有刺激性气体的实验应在通风柜内进行。,正确
可以使用明火（如：电炉、煤气）或没有控温装置的加热设备直接加热有机溶剂，进行重结晶或溶液浓缩操作。,错误
实验室走廊不能放木制桌子、柜子等易燃物品，但可以放金属柜、冰箱等。,错误
眼睛溅入化学试剂时，应以大量清水冲洗，然后送医院诊治。,正确
通风控制措施就是借助于有效的通风，使气体、蒸气或粉尘的浓度低于最高容许浓度。,正确
为避免皮肤受到化学品伤害，可通过穿防毒衣，戴防护手套，穿雨衣、雨鞋等方法进行防护。,正确
化学泡沫灭火器可扑救一般油质品、油脂等的火灾，但不能扑救醇、酯、醚、酮等引起的火灾和带电设备的火灾。,正确
乙炔金属盐、环氧乙烷、偶氮氧化物等都属于易燃和易爆的化学试剂，处理时应该特别小心。,正确
常用的化学试剂如：苯、乙醚、甲苯、汽油、丙酮、甲醇和煤油均属于易燃物质。,正确
"在使用化学品的工作场所吸烟,可能会造成火灾和爆炸,但不会中毒。",错误
电分强电和弱电，弱电开关等元件不能用在强电电路。,正确
"电气检修时,应在配电箱或开关处悬挂“禁止合闸，有人工作”的标示牌。",正确
"布线时,强、弱电可以合用同一电缆管线。",错误
为方便进出专人管理的设备房间，可自行配制钥匙。,错误
对容易产生静电的场所，要保持空气潮湿；工作人员要穿防静电的衣服和鞋靴。?,正确
实验室禁止私拉乱接电线，实验过程中自制非标设备时，应报请实验室管理人员批准，然后请电气专业人员按照标准安全的连接。,正确
在充满可燃气体的环境中，可以使用手动电动工具。,错误
在使用手电钻、电砂轮等手持电动工具时，为保证安全，应该装设漏电保护器。,正确
电流对人体的伤害有两种类型：即电击和电伤。,正确
短路是指电气线路中相线与相线，相线与零线或大地，在未通过负载或电阻很小的情况下相碰，造成电气回路中电流剧增的现象。,正确
用电安全的基本要素有：电气绝缘良好、保证安全距离、线路与插座容量与设备功率相适宜、不使用三无产品。,正确
50毫安的工频电流就可以使人遭到致命电击。,正确
任何电气设备在未验明无电时，一律认为有电，不能盲目触及。,正确
实验室必须配备符合本室要求的消防器材，消防器材要放置在明显或便于拿取的位置。严禁任何人以任何借口把消防 器材移作它用。,正确
电气设备着火，首先必须采取的措施是灭火。,错误
万一发生了火灾，不管是否是电气方面引起的，首先要想办法迅速切断火灾范围内的电源。,正确
产生有害废气的实验室必须按规定安装通风、排风设施，必要时须安装废气吸收系统，保持通风和空气新鲜。 ,正确
废弃的放射源，必须报实验室与设备管理处，由实验室与设备管理处联系有资质的单位进行收贮，不得私自处理。,正确
实验室内禁止抽烟、进食。,正确
使用和储存易燃、易爆物品的实验室应根据实际情况安装通风装置，严禁吸烟和使用明火，大楼和实验室应有“严禁烟火”的警示牌，配置必要的消防、冲淋、洗眼、报警和逃生设施。,正确
普通实验室内，不得私自饲养实验动物。,正确
涉及生物安全性的动物实验，都必须在相应级别的生物安全实验室内进行。,正确
使用电子门禁的大楼和实验室，应对各类人员设置相应的级别，对于门禁卡丢失、人员调动或离校等情况应及时采取措施，办理报失或移交手续。,正确
所有操作或接触放射性核素的实验室人员应接受放射性基础知识、相关技术和放射性防护的指导和培训。实行持证上岗，并佩戴个人专用的辐射剂量计。,正确
保险丝和空气开关可以有效地防止电气火灾。,错误
Na、K、电石、金属氢化物不能与水及空气接触，须密闭保存。,正确
过氧化物、高氯酸盐、叠氮铅、乙炔铜、三硝基甲苯等属于易爆物质，受震或受热可发生热爆炸。,正确
室温下汞的蒸汽压为0.0012 mmHg柱，比安全浓度标准大100倍。,正确
有毒化学品在水中的溶解度越大，其危险性越大。,正确
各种电源是否有电，可用试电笔检验。,错误
使用钳形电流表时，应注意钳形电流表的量程。测量时戴绝缘手套，站在绝缘垫上，不得触及其它设备，以防短路或接地。,正确
在易燃、易爆、易灼烧及有静电发生的场所，可以使用化纤防护用品。,错误
漏电保护器对两相触电（人体双手触及两相电源），不起保护作用。,正确
漏电保护器既可用来保护人身安全，还可用来对低压系统或设备的绝缘状况起到监督作用；漏电保护器安装点以后的线路应是对地绝缘良好。,正确
从事特种作业（如电工、焊工、辐射、病原微生物等）的人员，必须接受相关的专业培训，通过考核并持有相应的资质证书才能上岗。,正确
在有爆炸和火灾危险场所使用手持式或移动式电动工具时，必须采用有防爆措施的电动工具。,正确
重复接地是指零线上的一处或多处通过接地装置与大地再连接，可提高线路的安全性。,正确
静电可以引起爆炸、电气绝缘和电子元器件击穿。,正确
可以用湿布擦电源开关。,错误
实验室灭火的方法要针对起因选用合适的方法。一般小火可用湿布、石棉布或沙子覆盖燃烧物即可灭火。,正确
岗位消防安全“四知四会”中的“四会”是指：会报警，会使用消防器材，会扑救初期火灾，会逃生自救,正确
火灾发生后，穿过浓烟逃生时，必须尽量贴近地面，并用湿毛巾捂住口鼻。,正确
"灭火器材设置点附近不能堆放物品,以免影响灭火器的取用。",正确
当电气设备发生火灾后，如果可能应当先断电后灭火。,正确
醋酸蒸汽与空气混合不会在热源的诱发下引起爆炸。,错误
化学废液要回收并集中存放，不可倒入下水道。,正确
实验废弃物应分类存放，及时送学校废弃物中转站，最后由学校联系有资质的公司进行处理。,正确
实验室内可以使用木制配电板、闸刀开关、花线电线。,错误
实验室人员必须定期检查设备、水电线路、门窗等是否完好，如发现问题，必须及时进行维修。,正确
实验室必须妥善保管消防器材和防盗装置，并定期检查。消防器材不得移作它用，周围禁止堆放杂物。   ,正确
SnCl2、FeSO4、Na2SO3与空气接触易逐渐被氧化，须密封保存。,正确
同位素实验室和使用固定放射源实验室要在明显位置张贴放射警示标志。定期检测放射污染情况，严防射线污染超标。,正确
溅入口中已下咽的强酸，先饮用大量水，再服用氢氧化铝膏，鸡蛋清。,正确
要保持实验室环境整洁，做到地面、桌面、设备三整洁，减少安全隐患。,正确
高校实验室发生安全事故的主要原因有：操作不慎、粗心大意、设施老化、缺少防护设施等。,正确
使用U盘拷贝资料，应先对U盘杀毒，防止病毒感染 。,正确
从自己的实际情况出发，锻炼要循序渐进，不要急于求成，应做自己力所能及的动作。锻炼时间不宜过长，练习负荷不宜过重，以免过度疲劳或发生运动损伤。,正确
电气设备发生火灾时，应注意：1、电气设备可能带电，可能发生触电事故；2、某些电气设备充有大量的油，可能发生喷油甚至爆炸。,正确
在稀释浓硫酸时，不能将水往浓硫酸里倒，而应将浓硫酸缓缓倒入水中，不断搅拌均匀。,正确
对于含氟废液可以进行如下处理：加入石灰使生成氟化钙沉淀。 ,正确
在进行萃取或洗涤操作时，为了防止物质高度浓缩而导致内部压力过大，产生爆炸，应该注意及时排出产生的气体。,正确
储存在冰箱内的所有容器，应当清楚地标明内装物品的品名、储存日期和储存者的姓名。,正确
加强计算机的安全管理，建立病毒防护系统并不断加以更新，重要的数据资料应定期进行备份。,正确
实验室的药品和设备一定要标明其名称，以免误用。,正确
实验中产生的废液、废物应分类集中处理，不得任意排放；对未知废料不得任意混合。酸、碱或有毒物品溅落时，应及时清理及除毒。,正确
易燃、易爆物品要放在远离实验室的阴凉通风处，在实验室内保存的少量易燃易爆试剂要严格管理。,正确
从下列选项中选择万一发生电气火灾后首先应该采取的第一条措施,B
我国大陆通用的火警电话号码是：,B
实验室电器发生火灾，在没有灭火器的情况下应先：,C
当遇到火灾时，要迅速向（ ）逃生。,C
影响电流对人体伤害程度的主要因素是什么？,D
如果睡觉时被烟火呛醒，正确的做法是（）。,A
按照国家工程建筑消防技术标准施工的项目竣工时，（ ）经公安消防机构进行消防验收。,A
火场逃生的原则是 ( ) 。,C
实验时，电源变压器付边输出被短路，会出现什么现象，直至烧毁？,D
电源电压高于电容耐压时，会引起: ,C
下列哪种灭火器不适于扑灭电器火灾?,C
违反《中华人民共和国消防法》行为，构成犯罪的，应：,B
发生火灾时，正确的安全疏散主要有三个方向，向下可以跑到地面，向上可以爬到屋顶，还可以（）,B
火灾蔓延的途径是:,D
火灾初起阶段是扑救火灾( )的阶段。,B
预防学生宿舍火灾，下列哪条描述是正确的？（）,D
据统计，火灾中死亡的人有80%以上属于（）,B
家用电器发生火灾，在没有灭火器的情况下应先（）,C
灭火器压力表用红、黄、绿三色表示压力情况，当指针指在绿色区域表示（）,A
当单位灭火人员不能接近火场时，应根据着火对象及火灾现场实际，果断地在蔓延方向采取一些必要的堵截措施。下列那种措施不能阻止火势蔓延（）,D
危险物品发生火灾时，无关人员不要靠近，危险区实行隔离，禁止进入，灭火人员要站在（）处，离开低洼处,A
用灭火器在室外进行灭火时应占据（）灭火,A
根据消防法的规定，违法使用明火作业或者在具有火灾、爆炸危险的场所违反禁令，吸烟、使用明火的，则被处以（）,A
实验完成后，废弃物及废液应如何处置？,B
人体在电磁场作用下会受到不同程度的伤害，其原因是？,C
车间内的插座距地面的高度一般不低于多少米? ,A
实验室各种管理规章制度应该：,A
对危险废物的容器和包装物以及收集、贮存、运输、处置危险废物的设施、场所，必须：,A
实验解剖用过的污染动物尸体，应：,C
易燃、易爆物品和杂物等应该堆放在：,C
以下符合急救与防护“四先四后”原则的是：,A
如果触电者伤势严重，呼吸停止或心脏停止跳动，应先竭力采用胸外心脏挤压和   方法进行施救。,C
"有异物刺人头部或胸部时,以下哪种急救方法是错误的?  ",C
化学强腐蚀烫、烧伤事故发生后，应     ，保持创伤面的洁净以待医务人员治疗。或用适合于消除这类化学药品的特种溶剂、溶液仔细洗涤烫、烧伤面。,B
高温实验装置使用注意事项错误的是：,D
普通塑料、有机玻璃制品的加热温度不能超过：,B
处理使用后的废液时，下列哪个说法是错误的？,D
剧毒物品必须保管、储存在什么地方？,C
自耦电源变压器的输出端指示电压为零时，表示：,C
强碱烧伤处理错误的是：,A
皮肤若被低温（如固体二氧化碳、液氮）冻伤，应：,B
HCN无色，气味为：,C
易燃类液体的特点是：,D
下列试剂哪个不用放在棕色瓶内保藏？,D
以下几种气体中，最毒的气体为：,B
预防电击（触电）的一条重要措施是用电设备的金属外壳要有效接地。请从下列选项中选择可靠的接地点：,C
设备或线路的确认无电，应以什么指示作为根据？ ,B
停电检修时，在一经合闸即可送电到工作地点的开关或刀闸的操作把手上，应悬挂如下哪种标示牌?,C
电分强电和弱电。下列说法正确的是：,B
强电实验时，实验人员必须几人以上？,B
在进行电子线路板焊接后的剪脚工序时，剪脚面应背离身体特别是脸部，防止被剪下引脚弹伤。,正确
"误吸入溴蒸气、氯气等有毒气体时，立即吸入少量酒精和乙醚的混合蒸气，以便解毒, 同时应到室外呼吸新鲜空气，再送医院。",正确
发生化学事故后，应向上风或侧上风方向迅速撤离现场。,正确
一般将闪点在25°C以下的化学试剂列入易燃化学试剂，它们多是极易挥发的液体。,正确
铬化合物中六价Cr毒性最大，有强刺激性，引起蛋白变性，干扰酶系统。,正确
汞及其化合物、砷及其无机化合物、黄磷、碘甲烷、甲基丙烯酸甲酯、氰化物等具有剧毒性。,正确
在潮湿或高温或有导电灰尘的场所，实验时应该降低电压供电。,正确
接电路元器件时，主要应关注元器件的耐压和能承受的功率。,正确
电动工具应定期检修。,正确
连接在接线板上的用电总负荷不能超过接线板的最大容量。,正确
为了防止触电可采用绝缘、防护、隔离等技术措施以保障安全。,正确
身边有人严重触电，应当首先切断电源，然后进行紧急抢救如人工呼吸，并立即拨打急救电话120。,正确
使用电气设备时可以用两眼插头代替三眼插头。,错误
电击（触电）通常指因为人体接触带电的线路或设备而受到伤害的事故。为了避免电击（触电）事故的发生，设备须可靠接地和人体对地绝缘。,正确
万用表电阻档可测量绝缘电阻。,错误
当断线落地或大电流从接地装置流入大地时，若人站在附近则可能在两脚之间产生跨步电压。,正确
灭火器按其移动形式可分为：手提式和推车式。,正确
"身上着火被熄灭后,应马上把粘在皮肤上的衣物脱下来。",错误
若宿舍门外已被大火封死，要紧闭房门，用湿毛巾 等堵塞门缝，在室内等待救援。,正确
在扑灭电气火灾的明火时，用气体灭火器扑灭。,正确
大火封门无路可逃时，可用浸湿的被褥、衣物堵塞门缝，向门上泼水降温，以延缓火灾蔓延时间，呼叫待援。,正确
消防工作的方针是：“预防为主，防消结合”，实行消防安全责任制。,正确
当发生火情时尽快沿着疏散指示标志和安全出口方向迅速离开火场。,正确
"用灭火器灭火时,灭火器的喷射口应该对准火焰的中部。",错误
发现被盗或人为破坏，应保护现场并立即报告保卫处。,正确
不得堵塞实验室逃生通道。,正确
建立健全安全管理规章制度，完善逐级安全责任制，贯彻执行“谁使用，谁管理”、“谁主管，谁负责”的安全工作原则。,正确
实验室安全与卫生检查内容主要包括实验室布置、卫生、水电安全、冰箱与烘箱使用管理、危险品使用与保管、化学与生物废弃物（气、液、固态物）的处置、排污管理、气体钢瓶安全、放射性安全等。 ,正确
离开实验室时，实验服不得穿着外出，必须脱下并留在实验室内，更不能携带回家。,正确
为保证安全用电，配电箱内所用的保险丝应该尽量粗。,错误
实验室的接线板远离可能有水的位置和高温环境。,正确
因实验需要，仪器设备可以随便拆装。,错误
碱灼伤时，必须先用大量流水冲洗至皂样物质消失，然后可用1%～2%醋酸或3%硼酸溶液进一步冲洗。,正确
由于金属络合剂能与毒物中的金属离子形成稳定的化合物，随尿液排出体外，故发生金属及其盐类中毒时，可采用各种金属络合剂解毒。,正确
学生在使用剧毒物品时，必须由教师或实验室工作人员在场指导。,正确
过期的、不知名的固体化学药品可自行处理。,错误
有机废物、浓酸或浓碱废液等倒入水槽，只要加大量的自来水将之冲稀即可。,错误
各实验室在运送化学废弃物到各校区临时收集中转仓库之前，不得堆放在走廊、过道以及其它公共区域。  ,正确
不得使用过期、未经检验和不合格的气体钢瓶。,正确
开启氨水、浓盐酸瓶应该在通风櫉中进行。,正确
水银温度计破了以后正确的处理是：洒落出来的汞必须立即用滴管、毛刷收集起来，并用水覆盖（最好用甘油），然后在污染处撒上硫磺粉，无液体后（一般约一周时间）方可清扫。,正确
火灾对实验室构成的威胁最为严重，最为直接。应加强对火灾三要素（易燃物、助燃物、点火源）的控制。,正确
火或热水等引起的大面积烧伤、烫伤，必须用湿毛巾、湿布、湿棉被覆盖，然后送医院进行处理。,正确
在有电阻、电容、电感的电路中，电源电压是几十伏，电容或电感的电压可以是：,C
《中华人民共和国消防法》自（ ）起施行。,B
扑救电气设备火灾时，不能用什么灭火器?,C
灭火器上的压力表用红、黄、绿三色表示灭火器的压力情况，当指针指在绿色区域表示：,A
楼内失火应( ),A
危险化学品储存方式不包括（）,D
带电的电气设备以及发电机、电动机等应使用（）灭火,C
电动自行车可停放在（）,D
防火门应该是朝疏散方向开启的（）,C
液体的火灾危险性是根据液体的（）分类的,C
公共娱乐场所安全出口的疏散门应（）,B
根据消防法的规定，违反消防安全规定进入生产、储存易燃易爆危险物品场所的，则被以（）,C
下列哪种情况不会产生电火花（）,C
关于干粉灭火器的使用，下列正确的是（）,B
评判易燃液体的火灾危险时，一般以（）为参数,B
火灾中产生的主要有毒气体有( ),A
关于学生宿舍，以下哪种说法是错误（）,D
危险化学品的毒害包括：,D
进行照明设施的接电操作，应采取的防触电措施为：,B
国内民用照明电路电压为以下哪种? ,C
开展动物实验过程中，以下哪些做法是正确的？,D
在易燃易爆场所不能穿：,C
节假日期间，仍然需要进入实验室工作的师生，要严格遵守实验室操作规程，做实验时必须要有人在场，并且在实验完成离开时负责      ，锁好门窗，以防火灾和爆炸、溢水等事故。,B
"发生危险化学品事故后,应该向什么方向疏散？",B
实验中溅入口中已下咽的强碱，先饮用大量水，再服用：,B
超级恒温水浴使用时错误的操作是：,C
下列气体须在通风橱内进行操作的是：  ,D
盐酸、甲醛溶液、乙醚等易挥发试剂应如何合理存放？,C
搬运剧毒化学品后，应该：,A
当不慎把大量浓硫酸滴在皮肤上时，正确的处理方法是：,D
测量绝缘电阻可用：,B
不需要放在密封的干燥器内的药品是：,D
以下哪种物质不会灼伤皮肤？,D
下列物质不属于剧毒物的是：,D
下列不属于危险化学品的是：,D
使用电气设备时，由于维护不及时，当什么进入时可导致短路事故？,A
对于高压电容器，实验结束后或闲置时，如何处理最合适？,B
使用手持电动工具时，下列哪个措施不正确? ,A
使用电烙铁应注意：,D
为防止静电火花引起事故，凡是用来加工、贮存、运输各种易燃气、液、粉体的金属设备、非导电材料都必须：,C
下列哪些是预防电气火灾的基本措施？,D
安全电压是指保证不会对人体产生致命危险的电压值，工业中使用的安全电压是多少以下？,B
溴灼伤皮肤，立即用乙醇洗涤，然后用水冲净，涂上甘油或烫伤油膏。,正确
半数致死量(LD50)又称为半数致死浓度，是指药物能引起一群实验动物50%死亡所需的剂量或浓度，用于药物的毒性分级，单位为mg/kg。,正确
久藏的乙醚因可能存在过氧化物，为了爆炸，在蒸发时必须有人值守，不能完全蒸干。,正确
磷化物（Ca3P2、Zn3P2等）有毒，遇水生成H3P，其在空气中能自燃。,正确
在电气类开放性实验或科研实验室，必须二人以上方可开展实验。,正确
化学类实验室原则上不得使用明火电炉。确须使用明火电炉进行实验的，须向实验室与设备处申报，经审核批准备案后，方可使用。,正确
高压实验中的安全距离：10kV是0.7m；66kV是1.5m；220kV是3m。  ,正确
短路会使短路处甚至整个电路过热，从而导致线路的绝缘层燃烧，引发火灾。,正确
为了预防电击（触电），电气设备的金属外壳须接地，最好是埋设接地电阻很小专用地线。,正确
消防队在扑救火灾时，有权根据灭火的需要，拆除或者破损临近火灾现场的建筑。,正确
发现火灾时，单位或个人应该先自救，当自救无效、火越着越大时，再拨打火警电话119。,错误
扑救气体火灾切忌盲目扑灭火势，首先应切断火势蔓延途径，然后疏散火势中压力容器或受到火焰辐射热威胁的压力 容器，不能疏散的部署水枪进行冷却保护。,正确
在着火和救火时，若衣服着火，要赶紧跑到空旷处用灭火器扑灭。,错误
火灾发生后，当所有的逃生线路被大火封锁时，应立即退回室内，用手电筒、挥舞衣物、呼叫等方式向窗外发送求救 信号，等待救援。,正确
禁止穿拖鞋、背心、短裤（裙）进入实验室，高跟鞋可以进实验室。,错误
无论是否涉及病原微生物的实验动物尸体，都要进行无害化处理及冷冻保存，然后送具备相关资质的机构处理。,正确
实验动物是进行生命科学研究基本的材料和对象，它的质量关系到研究结果和成功率。因此，实验动物应该来源于具备资质的单位。,正确
高压钢瓶可以没有固定设施，可以使用过期、未经检验和不合格的气瓶。 ,错误
实验室内电源根据需要可自行拆装、改线。,错误
实验室应将相应的规章制度和操作规程挂到墙上或便于取阅的地方。,正确
发生强碱烧伤，应立即去除残留强碱，再以流动清水冲洗；若消化道被烧伤可适当服用一些牛奶、蛋清。,正确
液体和固体实验废弃物不需分开放置。,错误
实验室安全与卫生工作应坚持“安全第一，预防为主”的原则。,正确
"实验室应对仪器设备加强维护保养,定期校验和检修。",正确
急救时伤口包扎松劲适度，不可过紧或过松，以防滑脱或压迫神经和血管，影响远端血液循环，甚至造成肢体坏死。,正确
如溴滴落到皮肤上，应立即用水冲洗，再用1体积25%的氨水，1体积松节油和10体积（75%）酒精混合液涂敷；也可先用苯甘油除去溴，然后用水冲洗。,正确
触电紧急救护时，首先应使触电者脱离电源，然后立即进行人工呼吸、心脏按压。,正确
水具有导电性，不宜扑救带电设备的火灾，不能扑救遇水燃烧物质或非水溶性燃烧液体的火灾。,正确
气体钢瓶使用后，可以不关闭阀门。,错误
对含有悬浮物质的溶液加热时，应加沸石或玻璃珠，以避免爆沸现象产生。,正确
通常有害药品经呼吸器官、消化器官或皮肤吸入体内，引起中毒。因此，我们切忌口尝、鼻嗅及用手触摸药品。,正确
当发生强碱溅洒事故时，应用固体硼酸粉撒盖溅洒区，扫净并报告有关工作人员。,正确
剧烈运动后，不要立刻大量饮水、吃冷饮，也不要立即洗冷水澡。,正确
易燃、易挥发的溶剂不得在敞口容器中加热，应选用水浴加热器，不得用明火直接加热。,正确
危险废物可以混入非危险废物中贮存或混入生活垃圾中贮存。   ,错误
对固态酸、碱可用手直接操作。,错误
实验室可以存放大桶有机试剂。,错误
实验室内的浓酸、浓碱如果不经处理，沿下水道流走，对管道会产生很强的腐蚀，又造成环境的污染。 ,正确
根据刑法规定，失火罪处以（）年有期徒刑,D
电线接地时，人体距离接地点越近，跨步电压越高；距离越远，跨步电压越低。一般情况下距离接地体多少，跨步电压可看成是零？,B
对校内建筑进行改建、扩建、装修、装饰等工程未经学校消安办备案，或者应报而未报公安消防机构审核或经审核不合格而擅自施工，情节严重者将给予相关部门（）,A
灭火的四种方法是：,C
有机物或能与水发生剧烈化学反应的药品着火，应用 （ ），以免扑救不当造成更大损害。,C
火灾中对人员威胁最大的是（ ）。,B
学校内消防安全重点单位应当按照灭火和应急疏散预案每（）至少组织一次消防演练,C
火灾可分为A、B、C、D四类，A、B、C、D分别指的是什么？（）,B
室内消火栓应设在明显易于取用的地点并有明显标识。其栓口离地面高度为（）,B
国家对危险化学品的生产和储存实行审批制度，对危险化学品的经营销售实行许可制度，对危险化学品的运输实行（）,A
易燃固体在储存、运输过程中，应当注意轻拿轻放，避免出现磨擦、撞击等，是因为它具有（）的危险特性,A
建筑工程施工现场的消防安全由（）负责,B
单位下班前的防火巡查主要不包括（）,C
关于液化石油气的使用事项，以下正确的是( ),B
以下哪种问题不属于学生宿舍消防安全隐患（）,D
外面着火且火势很大，被困室内无法逃生时，以下哪种做法是错误的（）,D
化学药品库中的一般药品应如何分类？,B
由于行为人的过失引起火灾，造成严重后果，危害公共安全的行为，构成：,B
随手使用的手纸、饮料瓶等垃圾应该如何处理？,D
药品中毒的途径有哪些？,D
目前实验动物中，比较严重的人畜共患病是什么？,C
爆炸物品在发生爆炸时的特点有：,D
实验室内使用乙炔气时，说法正确的是：,A
下列实验室操作及安全的叙述，正确的是？,B
"以下是溴灼伤处理方法，其顺序为：                                          
①送医院
②立即用大量水洗
③用乙醇擦至灼伤处为白色。",A
关于存放自燃性试剂说法错误的是：,C
动力配电线五线制U、V、W、零线、地线的色标分别为：,B
下列何者是会发生爆炸的物质？,B
减压蒸馏时应用下列哪一种器皿作为接收瓶和反应瓶？,B
在进行电子线路板焊接后的剪脚工序时应：,A
单相三芯线电缆中的红线代表什么？,B
漏电保护器可防止：,A
低压电笔一般适用于多少?V?以下的交流电压？,C
当可燃气体、可燃液体的蒸气（或可燃粉尘）在空气中达到一定浓度时，遇到火源就会发生爆炸。这个能够发生爆炸的浓度范围，叫做爆炸极限。,正确
乙烯的爆炸极限是：3.1％～32％。 ,正确
丙酮的爆炸极限是：3％～11％。,正确
乙醚、氯仿、笑气（N2O）具有麻醉作用。,正确
电路保险丝熔断，短期内可以用铜丝或铁丝代替。,错误
电动工具的电源引线必须保证接地可靠。,正确
电磁式电流互感器在使用中付边不许开路，电压互感器在使用中付边不许短路。,正确
只要接线板质量符合要求，就可以随意串联很多个，不影响使用。,错误
因为实验需要，可以在实验室存放大量气体钢瓶。,错误
静电有三大特点：一是电压高；二是静电感应突出；三是尖端放电现象严重。,正确
人体触电，双手触电致死比单手触电致死的概率要大得多。,正确
所有的火灾刚开始时都是小火，随着火灾的发展输出的热量越大，火灾蔓延的速度和范围也愈大，所以扑灭初起火灾 最容易的。,正确
中毒事故中救护人员进入现场，应先抢救中毒者，再采取措施切断毒物来源。,错误
在实验室发生事故时，现场人员应迅速组织、指挥，切断事故源，尽量阻止事态蔓延、保护现场；及时有序地疏散学生等人员，对现场已受伤人员作好自助自救、保护人身及财产。,正确
使用过的实验服脱下后，不得与日常衣服放在一起，也不得放在洁净区域。,正确
发生各类案件时应立即报案，妥善保护案发现场，若有人受伤，在救人时应尽可能记住现场破坏前的情况（如手机拍照等）。,正确
《中华人民共和国传染病防治法》由中华人民共和国第十届全国人民代表大会常务委员会第十一次会议于2004年8月28日修订通过。,正确
任何单位和个人不得在电子公告系统、聊天室、网络新闻组上发布、谈论和传播国家秘密信息。,正确
电源插座附近不应堆放易燃物等杂物。,正确
"发生危险化学品事故后,应该向上风方向疏散。",正确
使用激光扫描仪预览和扫描资料时，可以不盖上扫描仪盖子。,错误
"身上着火后,应迅速用灭火器灭火。",错误
发生化学事故后，对有毒的衣物应及时进行无毒化处理。,正确
金属钠、钾可以存放在水中，以避免与空气接触。,错误
Hg、As、Pb等急性中毒会引起牙龈出血、牙齿松动、恶心、呕吐、腹痛、腹泻等症状。,正确
丙酮、氢氧化钠、氨等具有低毒性。,正确
消除管线上的静电主要是做好屏蔽。,错误
"在不影响实验室周围的走廊通行的情况,可以堆放仪器等杂物。",错误
烘箱（干燥箱）在加热时，门可以开启。,错误
实验室发生非火灾类事故，应立即报告单位负责人 和学校保卫处，设立警戒区并撤离无关人员，以减轻潜在危害。,正确
有“严禁烟火”警示牌的大楼和实验室，可不必配 置必要的消防、冲淋、洗眼、报警和逃生设施和有明显标志。,错误
未经指导教师许可，不得搬弄仪器、设备，以及擅自开始实验。实验时，应注意安全，按要求操作，如发现异常立即停止。,正确
心脏骤停者应立即行胸外心脏按摩术，同时拨打120。现场抢救成功的心肺复苏患者或重症患者，如昏迷、惊厥、休克、深度青紫等，应立即送医院治疗。,正确
火或热水等引起的小面积烧伤、烫伤，必须用冷水冲洗30分钟以上，然后用烧伤膏涂抹，切不可用牙膏、酱油、盐等覆盖。,正确
如遇刺激性及神经性中毒，先服牛奶或鸡蛋白使之缓和，再服用硫酸铜溶液（30g溶于一杯水中）催吐。也可以用手指伸入喉部催吐后，立即送往医院。 ,正确
"有机溶剂只会经口鼻进入人体,只要正确的使用呼吸防护面具,就可以有效防止危害健康。",错误
雷电发生时，如果作业人员孤立处于暴露区时，应该立即双手抱膝下蹲，向前弯曲。,正确
因实验室特殊要求，细胞培养房内用的气体钢瓶可不用固定，只要平时小心就可以。,错误
饮水加热器、灭菌锅等可以无水干烧。,错误
有“严禁烟火”警示牌的大楼和实验室，可不必配置必要的消防、冲淋、洗眼、报警和逃生设施和有明显标志。,错误
仪器设备用电或线路发生故障着火时，应立即切断现场电源，将人员疏散，并组织人员用灭火器进行灭火。 ,正确
可以用烘箱干燥有爆炸危险性的物质。,错误
不应用双手同时触及电器，防止触电时电流通过心脏。,正确
在附近无水源，身上着火来不及脱衣服时，应就地打滚，将火苗压灭进行自救。,正确
酸、碱、盐水溶液使用后，经自来水稀释后可直接排入下水道。,错误
严格执行剧毒品“五双”管理制度，即使实验在进行中，也必须在取出实验使用量后立即存入保险柜，做好记录，严防疏漏。,正确
各实验室对所产生的化学废弃物必须要实行集中分类存放，贴好标签，然后送学校中转站，统一处置。 ,正确
领取剧毒物品时，需双人领用(其中一人必须是实验室的教师)。,正确
消防车和消火栓的颜色是：,C
工作地点相对湿度大于?75%?时，属于什么环境？,A
由于行为人的过失引起火灾，造成严重后果的行为，构成（ ）,B
公安消防人员在灭火过程中，应当（ ）。,A
当打开房门闻到燃气气味时，要迅速( )，以防止引起火灾。,B
三相电闸闭合后或三相空气开关闭合后，三相电机嗡嗡响、不转或转速很慢。为什么？,C
长期在高频电磁场作用下，操作者会有什么不良反应? ,C
引发电气火灾的初始原因是:,C
我国消防宣传活动日是每年的,A
报警人或知情人应协助消防人员开展以下哪些工作（）,D
火场中防止烟气危害最简单的方法是( ),C
消防安全重点单位对每名员工应当至少（）进行一次消防安全培训,B
能与可燃物发生氧化反应的物质称为氧化剂，以下物质能作为氧化剂的是（）,D
某次火灾事故未造成人员伤亡，但造成的直接财产损失达110万元，该火灾危险等级为（）,A
遇水燃烧物质是指与水或酸接触会产生可燃气体，同时放出高热，该热量就能引起可燃气体着火爆炸的物质。下列物质属于遇水燃烧的是( ),A
以下哪种问题不属于实验室消防安全隐患（）,D
全国消防宣传日是（）,B
91、学生宿舍管理部门应当履行下列哪些安全管理职责（D）,D
发生人畜共患病时，须立即向学校有关机构报告，同时还必须立即向当地什么职能部门报告？,C
学校对危险化学废物的处理的工作原则是：,B
可以在化学实验室穿着的鞋是：,D
生物实验中的一次性手套及沾染EB致癌物质的物品，应：,B
加热和蒸馏有易燃试剂的实验时，不能用：,B
"发现燃气泄漏,正确做法是？",C
在实验中，以下哪种做法是错误的？,A
涉及生物安全性的动物实验，必须在哪一种实验室中进行？,C
下列哪项不是影响混合物爆炸极限的因素?,B
实验中用到很多玻璃器皿，容易破碎，为避免造成割伤应该注意什么？,D
使用易燃易爆的化学药品，不正确的操作是：,A
应如何简单辨认有味的化学药品？,C
在蒸馏低沸点有机化合物时应采取哪种方法加热？,B
下列有关使用漏电保护器的说法，哪种是正确的?                   ,A
"以下是酸灼伤的处理方法，其顺序为：
①以1～2％NaHCO3溶液洗。   
②立即用大量水洗
③送医院",B
表示危险化学品的急性毒性的LD50的单位是什么？,A
关于存储化学品说法错误的是：,C
氢氟酸有强烈的腐蚀性和危害性，皮肤接触氢氟酸后可出现疼痛及灼伤，随时间疼痛渐剧，皮肤下组织被破坏，这种破坏会传播到骨骼。下面哪个说法是错误的？,A
下列不属于易燃液体的是：,A
不是实验室常用于皮肤或普通实验器械的消毒液为？,A
以下有关实验室用电的注意事项中，不正确的是：,C
万用表使用完后，应将切换旋钮放在:,C
金属材料可以很好地屏蔽低频磁场。,错误
乙醚的爆炸极限是：1.9％～48％。,正确
苯、三硝基甲苯、二硫化碳、丙烯腈、四氯化碳、甲醛、苯胺、氯丙烯、溴甲烷、环氧氯丙烷、光气、一氧化碳等具有高毒性。,正确
汽油的爆炸极限是：7.6%～1.4%。,正确
接线时，要用合格的电源线，电源插头、插座。电源线接头要用绝缘胶布包好。,正确
火灾发生后，受到火势威胁时，要当机立断披上浸湿的衣物、被褥等向安全出口方向冲去。,正确
同学发现宿舍楼的电闸箱起火，可以用楼内的消火栓灭火。,错误
有易燃易爆危险品的实验室禁止使用明火。,正确
可将食物储藏在实验室的冰箱或冷柜内。,错误
乙炔气钢瓶的规定涂色为白色、氯气钢瓶为黄色、氢气钢瓶为绿色、氟化氢钢瓶为灰色、液氨钢瓶为黄色。,正确
"剧毒品管理应严格遵守“五双” 制度(即""双人保管、双人收发、双人使用、双人运输、双人双锁"")，精确计量和记录剧毒品的使用情况，防止被盗、丢失、误领、误用。如发现问题应立即报告保卫处、实验室与设备管理处和当地公安部门。",正确
危险废弃物是指有潜在的生物危险、可燃易燃、腐蚀、有毒、放射性的对人环境有害的一切废弃物。,正确
实验室安全事故的表现形式主要有：火灾、爆炸、中毒、灼伤、病原微生物感染、辐照和机电伤人等。,正确
生物实验中的一次性手套及沾染EB致癌物质的物品，可以丢弃在普通垃圾箱内。,错误
血压升高，目光无神，情绪烦躁，面色苍白等，如果是因锻炼造成的，则都是运动不足的征兆。,错误
轻微的肌肉拉伤或少量的肌肉纤维的断裂，应立即冷敷，局部加压包扎，抬高肢体。,正确
若被火场浓烟所困，应迅速起身跑出火场。,错误
可以将氢气与氧气混放在一个房间。,错误
生产、储存和使用危险化学品的单位，应当在生产、储存和使用场所设置报警装置。,正确
可以用普通的冰箱储藏易燃易爆的试剂。,错误
用低沸点溶剂洗涤过的滤饼，可直接放入烘箱干燥。,错误
做减压蒸馏时，如果没有梨形接收瓶，可用锥形瓶代替。,错误
腐蚀和刺激性药品，如强酸、强碱、氨水、过氧化氢、冰醋酸等，取用时尽可能戴上橡皮手套和防护眼镜，倾倒时，切勿直对容器口俯视，吸取时，应该使用橡皮球。开启有毒气体容器时应戴防毒用具。禁止手直接拿取上述物品。,正确
打开氨水、硝酸、盐酸等药品瓶封口时，应先盖上湿布，用冷水冷却后再开瓶塞，以防溅出，尤其在夏天更应注意。,正确
实验中的过量化学品应当返回其原来的试剂瓶中以免浪费。,错误
在实验室进行有机合成时，放热反应不能在密闭的玻璃容器中进行;对反应物进行加热时，也不能将玻璃容器密闭。,正确
隔离灭火法是将可燃物与引火源或氧气隔离开来，可防止火势继续扩大。,正确
实验室仪器设备用电或线路发生故障着火时，应立即（ ），并组织人员用灭火器进行灭火。,B
干粉灭火器适用于：,D
我国消防工作的方针是：,C
第一灭火力量是指单位起火部位的员工，在（）内自发形成的来火救援力量,A
根据《电动自行车安全技术规范》要求，电动车蓄电池标称电压应不大于（）,B
学生宿舍用电时要注意消防安全，下面说法错误的是（）,D
下列哪些部位应被列为学校消防安全重点部位？（）,D
灭火器有效性检查包括（）,D
以下哪种建筑可用作学生宿舍？（）,D
黄磷自燃应如何扑救：,C
实验室、宿舍禁止使用电热水壶、热得快。一般电热水壶的功率为：,D
造成触电事故的因素是：,A
进行危险物质、挥发性有机溶剂、特定化学物质或毒性化学物质等操作实验或研究，说法错误的是：,D
师生进入生化类实验室工作，一定要搞清楚   等位置，出现情况能做好相应的自救工作。,C
根据卫生部规定，人间传染的病原微生物按危害程度可分为四类，其中哪类危害程度最高？,A
"被火困在室内,如何逃生？",B
实验大楼安全出口的疏散门应：,B
过氧化酸、硝酸铵、硝酸钾、高氯酸及其盐、重铬酸及其盐、高锰酸及其盐、过氧化苯甲酸、五氧化二磷等是强氧化剂，使用时应注意：,D
室温较高时，有些试剂如氨水等，打开瓶塞的瞬间很易冲出气液流，应先如何处理，再打开瓶塞？,C
需要你将硫酸、氢氟酸、盐酸和氢氧化钠各一瓶从化学品柜搬到通风橱内，正确的方法是：,D
引发电气火灾的初始原因：,C
铝粉、保险粉自燃时如何扑救？,D
对于一些吸入或食入少量即能中毒至死的化学试剂，生物试验中致死量（LD50）在50mg/kg以下的称为剧毒化学试剂，以下哪个不是剧毒化学试剂：,D
一般将闪点在25℃以下的化学试剂列入易燃化学试剂，它们多是极易挥发的液体。以下哪种物质不是易燃化学试剂？,C
以下几种气体中，无毒的气体为：,A
移动式电动工具及其开关板（箱）的电源线必须采用：,C
长期搁置不用的手持电动工具，在使用前必须测量绝缘电阻，要求手持电动工具带电部分与外壳之间绝缘电阻不低于多少MΩ？,B
为了减少电击（触电）事故对人体的损伤，经常用到电流型漏电保护开关，其保护指标设置为≤30mAS。请从下列选项中选择其正确含义。,A
HCN进入机体，抑制呼吸酶作用，造成细胞内窒息，从而引起组织中毒性缺氧，全身性中毒症状。,正确
苯乙烯、甲醇、甲苯、二甲苯、三氯乙烯、苯酚等具有中等毒性。,正确
打开含有高压变压器或电容器的电子仪器的盖子是危险的。,正确
地线和零线的作用相同。,错误
可以用潮湿的手碰开关、电线和电器。,错误
突发性不可抗拒的雷电、水灾、地震、房屋垮塌等自然灾害事故发生后，应在领导小组的指挥下，马上组织疏散、抢救现场工作人员或进行人员自助自救，以确保人员的人身安全，作好善后工作。  ,正确
学生进入实验室学习、工作前应接受安全教育、培训，并通过考核。,正确
在开放实验室，外来人员可随便操作实验室仪器设备。,错误
使用剧毒药品时应该配备个人防护用具，做好应急援救预案。,正确
Hg通常经过皮肤和消化道进入人体。,错误
安装在危险品仓库的灯具应该是防爆型的。,正确
实验结束后，要关闭设备，断开电源，并将有关实验用品整理好。,正确
移动某些非固定安装的电气设备时(如电风扇，照明灯)，可以不必切断电源。,错误
进行需要戴防护眼镜的实验时，戴隐形眼镜的近视者可不戴防护眼镜。,错误
电炉、烘箱等用电设备在使用中，使用人员不得离开。,正确
学生、新员工进实验室之前要参加安全教育和培训，经培训、考核合格后方可进入实验室学习与工作；学生要在老师指导下开展实验研究。,正确
因实验室特殊要求，细胞培养房内用的气体钢瓶可用小推车等形式进行固定。,正确
实验室发现可燃气体泄漏，要迅速切断电源，打开门窗。,错误
剧毒品在取出实验使用量后可以不立即存入保险柜。,错误
出现肌肉痉挛（抽筋），常见的缓解法是拉长痉挛的肌肉，同时配合局部按摩和点压穴位等方法促进缓解。,正确
实验室进行蒸馏操作时，对于爆炸性物质或不稳定物质，须小心地蒸馏直到剩余少量残渣。,错误
实验室必须配备符合本室要求的消防器材，消防器材要放置在明显或便于拿取的位置。严禁任何人以任何借口把消防器材移作它用。,正确
在熟睡时，听到火警信号后正确的做法是：1、用手试一试门是否热，如是冷的，可开门逃生；2、准备好湿毛巾；3、切勿随意跳楼，自制救生绳索后再设法安全着落；4、利用自然条件作为救生滑道。,正确
打开易挥发或浓酸、浓碱试剂的瓶塞时，瓶口不要对着脸部或其他人，宜在通风橱中进行。,正确
"身上着火后,下列哪种灭火方法是错误的？",C
可以用水扑灭的火灾是下列哪种物质？,D
学校教学楼应配备的灭火器型号是（ ）,A
泡沫灭火器不能用于扑救 （ ）火灾。,C
火灾发生时，湿毛巾折叠8层为宜，其烟雾浓度消除率可达：,B
实验室进行装修时，以下哪种做法是不正确的（）,C
违反消防法的规定，生产、储存、运输、销售或者使用、销毁易燃易爆危险物品的，责令停止违法行为，可以处警告、罚款或者（）,A
单位应当落实逐级消防安全责任制和岗位消防安全责任制，明确逐级和岗位消防安全职责，确定各级、各岗位的（），并以文件形式公布,A
水能扑救（）火灾,D
公共聚集场所对员工的消防安全培训应当至少（）进行一次,C
关于定期防火检查的说法，下列不正确的是（）,D
容器中的溶剂或易燃化学品发生燃烧应如何处理？,A
金属梯子不适于以下什么工作场所? ,A
对常用的又是易制毒的试剂，应：,C
CO是什么味？,C
实验室内的浓酸、浓碱处理，一般可：,A
实验室人员发生触电时，下例哪种行为是不正确的？,B
在使用设备时，如果发现设备工作异常，怎么办？,A
在体育锻炼时或体育锻炼后即刻，立即测10秒钟的心率和脉搏，就一般体育锻炼者来说，运动后即刻的心率最好不要超过多少次/10秒？,B
身上着火，最好的做法是：,A
把玻璃管或温度计插入橡皮塞或软木塞时，常常会折断而使人受伤。下列不正确的操作方法是:,C
实验开始前应该做好哪些准备？,D
在使用化学药品前应做好的准备有：,D
下列加热热源，化学实验室原则不得使用的是：,A
静电的电量虽然不大，但其放电时产生的静电火花有可能引起爆炸和火灾，比较常见的是放电时瞬间的电流造成精密实验仪器损坏，不正确的预防措施有:,C
关于化学品的使用、管理，下列说法哪个是错误的？,B
以下药品受震或受热可能发生爆炸的是：,D
以下药品中，可以与水直接接触的是：,C
"在需要带电操作的低电压电路实验时，下列哪种是正确的？                        
",B
当酸或碱溅入眼睛时，不必采取应急处理，只要立即送附近医院救治。,错误
砷的解毒剂是二巯基丙醇，由肌肉注射即可解毒。,正确
汞剂、苯胺类、硝基苯等可通过皮肤或粘膜吸收而使人中毒。,正确
将醇液直接加入到室温以下的硫酸-硝酸的混酸中不会引起爆炸，而加入到未冷却的硫酸-硝酸的混酸中会引起爆炸。,错误
进入化学、化工、生物、医学类实验室，可以不穿实验服。,错误
不使用绝缘损坏或接地不良的电气设备。,正确
液体着火时，应用灭火器灭火，不能用水扑救或其 它物品扑打。,正确
碱灼伤后应立即用大量水洗，再以1%-2%硼酸液洗，最后用水洗。,正确
含碱性洗涤剂的水可以清洗掉水果蔬菜表面的农药。,正确
实验室气体钢瓶必须用铁链、钢瓶柜等固定，以防止倾倒引发安全事故。,正确
易燃、易爆气体和助燃气体（氧气等）的钢瓶不得混放在一起，并应远离热源和火源，保持通风。,正确
与工作无关的外来人员不得进入实验室。,正确
实验中溅入口中而尚未下咽的毒物，应立即吐出，并用大量水冲洗口腔。,正确
身边没有胶水胶棒时可以用口舔标签用以粘贴。,错误
针头、玻璃、一次性手术刀等利器应在使用后放在耐扎容器中，尖利物容器应在内容物达到三分之二前进行置换处置。,正确
实验室应配备相应的消防器材。参加实验人员要熟悉其存放位置及使用方法并掌握有关的灭火知识。,正确
在室外灭火时，应站在上风位置。,正确
实验室内出现火情逃到室外走廊时，要尽量做到随手关门，这样一来可阻挡火势随人运动而迅速蔓延，增加逃生的有效时间。 ,正确
在实验室允许口尝鉴定试剂和未知物。,错误
转速较低的离心机可以在工作时打开机盖观察。,错误
用活泼金属做除水实验，已观察不到金属的氧化反应，就可以将活泼金属丢弃。,错误
因运动量过度产生的酸疼，可以通过减量、休息、按摩、热敷等方法来帮助机体积极恢复。,正确
在火灾逃生方法中，以下不正确的是：,C
下列不具备消防监督检查资格的是（ ）。,B
交流电路断电后，内部的电容可能会：,D
电气设备起火时，应选用以下（）灭火器灭火,B
举办集会、焰火晚会、灯会等具有火灾危险的大型活动，（）应当在具备消防安全条件后，向公安消防机构申报对活动现场进行消防安全检查,A
在民用建筑中，火源安全管理的防火巡查要点，不包括下列哪一项（）,A
应当依照《治安管理处罚法》的规定处罚的消防违法行为有（）,D
学生宿舍突然停电时，下列做法正确的是（）,B
下列哪种灭火剂不可用来扑灭带电设备的火灾（）,D
家中使用电暖器等大功率电器时，以下哪种做法是正确的（）,B
眼睛被化学品灼伤后，首先采取的正确方法是：,B
购买剧毒药品说法错误的是：,C
实验室内        。,C
易燃液体加热时可以：,C
最早提出“在校学生每天平均要有一小时体育锻炼”的国家领导人是?,A
医学研究表明，心血管的发病率和心肌劳损的发生率均在什么时候最高，所以，为了避免这一“危险”时段，运动医学工作者认为，心血管病人的适宜锻炼时间应在下午,A
用剩的活泼金属残渣的正确处理方法是：,B
有些固体化学试剂（如硫化磷、赤磷、镁粉等）与氧化剂接触或在空气中受热、受冲击或磨擦能引起急剧燃烧，甚至爆炸。使用这些化学试剂时，要注意什么：,D
当有汞（水银）溅失时，应如何处理现场?,D
雷电由于瞬间的强大电流释放巨大能量，不仅会伤及人员，还会损坏设备，甚至引起火灾。请在下列选项中选择室内防止雷电灾害的最主要的一项措施。,A
下列那一项不是发生爆炸的基本因素？,C
下面哪些物质彼此混合时，不容易引起火灾？,B
下列物质无毒的是：,C
下面哪组溶剂不属易燃类液体？,B
金属钾、钠、锂、钙、电石等固体化学试剂，遇水即可发生激烈反应，并放出大量热，也可产生爆炸，它们应如何存放：,B
有机溶剂能穿过皮肤进入人体，应避免直接与皮肤接触。,正确
 误吸入煤气等有毒气体时，应立即在室外呼吸新鲜空气。,正确
误食了有毒化学品，要吃适量催吐剂尽快将其吐出来。,错误
液体表面的蒸汽与空气形成可燃气体，遇到火种时，发生一闪即灭的现象，可发生如此现象的最低温度称为闪点。,正确
重金属如铅、镉、汞等对人体有害。,正确
人体触电致死，是由于肝脏受到严重伤害。,错误
电路谐振时，电容的电压可以是电源电压的几倍。,正确
在实验室同时使用多种电气设备时，其总用电量和分线用电量均应小于设计容量。,正确
"在熟睡时，听到火警信号后正确的做法是：1、用手试一试门是否热，如是冷的，可开门逃生；2、准备好湿毛巾；3、切勿随意跳楼，自
制救生绳索后再设法安全着落；4、利用自然条件作为救生滑道。",正确
对剧毒品采取必要的保安措施，防止剧毒化学品被盗、丢失或者误售、误用；发现剧毒化学品被盗、丢失或者误售、误用时，必须立即向当地公安部门报告。,正确
不得在冰箱、烘箱等加热、产热设备附近放置纸板、化学试剂、气体钢瓶等物品。,正确
可以将无毒无害试剂当作有毒有害试剂处理。 ,错误
酚灼伤皮肤时，应立即脱掉被污染衣物，用10%酒精反复擦拭，再用大量清水冲洗，直至无酚味为止，然后用饱和硫酸钠湿敷。,正确
实施急救的顺序：若有呼吸心跳停止的，先行复苏，然后是止血、包扎、骨折固定或脱臼复位（固定）、搬运。 ,正确
实验中遇到严重割伤，可在伤口上部10cm处用沙布扎紧，减慢流血，并立即送医院。,正确
体育运动中的安全防范措施多种多样：进行器材锻炼时一定要有人保护；向前摔倒时顺势作前滚翻，不要用手撑地；向后摔倒时，让身体自然倒地，不要用手撑地，顺势作后滚翻。,正确
使用离心机时，当部分装载时，离心管可随意放在转头中而不用考虑平衡。,错误
冰箱内禁止存放危险化学物品，如果确需存放，则必须注意容器绝对密封，严防泄漏。,正确
玻璃器具在使用前要仔细检查，避免使用有裂痕的仪器。特别用于减压、加压或加热操作的场合，更要认真进行检查。,正确
任何单位（ ）都有参加组织的灭火工作的义务。,B
公安消防队救火（）,C
使用灭火器灭火时，要对准火焰的（）喷射,C
可燃助燃的腐蚀品的腐蚀性主要体现在三个方面，不包括下列那一个选项（）,C
化学品的安全标签警示词不包括（）,A
下列物质应避免与水接触以免发生危险的是：,C
能相互反应产生有毒气体的废液，应：,C
若某种废液倒入回收桶会发生危险，则应：,C
使用干燥箱和恒温箱，应注意的事项有：,D
各实验室在运送化学废弃物到各校区临时收集中转仓库之前，可以：,C
以下药品按毒性从大到小排序正确的是：,B
苯属于高毒类化学品，下列叙述正确的是：,D
电路实验中，下列哪种操作是错误的？,B
摩擦是产生静电的一种主要原因，尤其在干燥的环境中，人体的活动和物体的移动都会产生很强的静电。静电在突然释放的时会对人体或设备造成损伤，以下哪种是防止静电事故的主要办法。,A
实验室内可以堆放个人物品。,错误
大型仪器使用中，应注意仪器设备的接地、电磁辐射、网络等安全事项，避免事故发生。,正确
Hg中毒会引起失眠、多梦、抑郁、胸闷、心悸、多汗、恶心、牙龈出血。,正确
在使用硝化纤维、苦味酸、三硝基甲苯、三硝基苯等物质时，绝不能直接加热或撞击，还要注意周围不要有明火。,正确
NH4NO3受热后易分解，但放出的气体无害。,错误
用泡沫灭火剂扑灭油罐火灾时，如果火势很大，有时并不能将火完全扑灭，会发生闷燃引起爆炸。,正确
对于触电事故，应立即切断电源或用有绝缘性能的木棍棒挑开和隔绝电流，如果触电者的衣服干燥，又没有紧缠住身上，可以用一只手抓住他的衣服，拉离带电体；但救护人不得接触触电者的皮肤，也不能抓他的鞋。,正确
实验大楼出现火情时千万不要乘电梯，因为电梯可能因停电或失控，同时又因“烟囱效应”，电梯井常常成为浓烟的 流通道。,正确
节假日或假期在实验室做实验必须经导师批准，并报院系备案。,正确
当手、脚或身体沾湿或站在潮湿的地板上时，切勿启动电源开关和触摸电气用具。,正确
学生进入实验室首先要了解实验室的安全注意事项。,正确
遇到停电停水等情况，实验室人员必须检查电源和水源是否关闭，避免重新来电来水时发生相关安全事故。,正确
实验室钥匙的配发由实验室负责人管理，不得私自配置钥匙或借给他人使用。,正确
溅入口中已下咽的强碱，先饮用大量水，再服用乙酸果汁，鸡蛋清。,正确
不论误食酸或碱，都可以灌注牛奶，不要吃呕吐剂。,正确
扑救毒害性、腐蚀性或燃烧产物毒害性较强的火灾时，必须配戴防护面具。,正确
实验产生或剩余的易挥发物，可以倒入废液缸内。,错误
烧杯、烧瓶及试管等加热时比较安全。,错误
实验过程中长时间使用恒温水浴锅时，应注意及时加水，避免干烧发生危险。,正确
为安全起见，平时应将低沸点溶剂保存于普通冰箱内以降低溶剂蒸汽压。,错误
实验大楼出现火情时千万不要乘电梯，因为电梯可能因停电或失控，同时又因“烟囱效应”，电梯井常常成为浓烟的流通道。  ,正确
爆炸是指物质瞬间突然发生物理或化学变化，同时释放出大量的气体和能量（光能、热能、机械能）并伴有巨大声响的现象。,正确
安装使用漏电保护器，是属于哪种安全技术措施? ,A
公共场所安全出口的疏散门应（ ）。,B
储存可燃物资仓库的管理，必须执行国家有关（ ）,A
ABC干粉灭火器不能扑救( )火灾,A
在普通冰箱中不可以存放什么物品？,D
实验室钥匙不得私自配置或给他人使用。钥匙的配发、管理由谁负责？,A
实验室、办公室等用电场所如需增加电器设备，以下说法正确的是？,B
实验室存放化学品不得使用哪类冰箱？,A
实验室常用于皮肤或普通实验器械的消毒液有：,A
实验室电器设备所引起的火灾，应：,B
不慎发生意外，下列哪个操作是正确的？,D
取用化学药品时，以下哪些事项操作是正确的？,D
实验室冰箱和超低温冰箱使用注意事项错误的是：,D
以下什么物质引起的皮肤灼伤禁用水洗?,D
当不慎把少量浓硫酸滴在皮肤上(在皮肤上没形成挂液)时，正确的处理方法是：,D
实验人员都要注意防止被实验设备产生的X射线照射，下列能够产生X射线的仪器是：,A
下列关于混合物的描述错误的是：,D
下列何种物质贮存于空气中易发生爆炸？,A
任何电气设备在未验明无电之前，一律认为：,C
"因实验需要拉接电源线,下列哪种说法是正确的？",A
如果工作场所潮湿，为避免触电，使用手持电动工具的人应：,B
电气设备的外壳应有什么防护措施? ,B
"从消防观点来说,液体闪点就是可能引起火灾的最低温度。",正确
苯的爆炸极限是：1.4％～7.1％。,正确
电源插座、接线板、电线的容量应满足电器功率的需要。,正确
使用手提灭火器时，拨掉保险销，握住胶管前端， 对准燃烧物根部用力压下压把，灭火剂喷出，左右扫射，就可灭火。,正确
毒物在科研生产中以气体、蒸气、烟、尘、雾等形态存在，其中气体、蒸气为分子状态，可直接进入人体肺泡。,正确
当有人发生触电事故时，应马上直接将其拉开。,错误
及时淘汰老化、性能不稳又具有安全隐患的仪器设备（如冰箱10年以上，烘箱12年以上）。,正确
轻度铅中毒症状为头晕、头痛、失眠、无力、腹痛、腹胀、便秘等。,正确
女生月经期间，可以参加适当的体育活动，如慢跑，打乒乓球、羽毛球、排球，舞蹈等运动负荷不大的活动。,正确
踝关节韧带扭伤以后立即冷敷，加压包扎固定。,正确
液体着火时，应用灭火器灭火，不能用水扑救或其它物品扑打。,正确
火灾发生后，当所有的逃生线路被大火封锁时，应立即退回室内，用手电筒、挥舞衣物、呼叫等方式向窗外发送求救信号，等待救援。,正确
实验大楼因出现火情发生浓烟时应迅速离开，当浓烟已穿入实验室内时，要沿地面匍匐前进，因地面层新鲜空气较多，不易中毒而窒息，有利于逃生。当逃到门口时，千万不要站立开门，以避免被大量浓烟熏倒。 ,正确
被困在电梯中应尽快扒开门脱险。,错误
给液体加热时，可以先开始加热，等接近沸腾时再加入沸石。,错误
危险化学品，包括爆炸品、压缩气体和液化气体、易燃液体、易燃固体、自燃物品和遇湿易燃物品、氧化剂和有机过氧化物、有毒品和腐蚀品等。 ,正确
氢氟酸灼伤皮肤后，先立即脱光去污染的衣物，用大量流动清水彻底冲洗后，继用肥皂水或2%～5%碳酸氢钠冲洗，再用葡萄糖酸钙软膏涂敷按摩，然后再涂以33%氧化镁甘油糊剂、维生素AD或可的松软膏等。,正确
疏散楼梯和楼梯间、疏散走道、安全出口的每日巡查，下列说法错误的是（）,D
下列关于身上着火的处置方法，错误的一种是（）,B
电线插座损坏时，既不美观也不方便工作，并造成： ,D
生产、经营、储存、运输、使用危险化学品和处置废弃危险化学品的单位，其（ ）必须保证本单位危险化学品的安全管理符合有关法律、法规、规章的规定和国家标准，并对本单位危险化学品的安全负责。,A
废弃的有害固体药品，应：,C
具有下列哪些性质的化学品属于化学危险品：,D
采取适当的措施，使燃烧因缺乏或隔绝氧气而熄灭，这种方法称作:,A
用过的废洗液应如何处理？,B
以下几种气体中，有毒的气体为：,C
燃点越低的物品越安全。,错误
对于一些吸入或食入少量即能中毒至死的化学试剂，生物试验中致死量（LD50）在50mg/kg以下的称为剧毒化学试剂。,正确
氢气的爆炸极限是：4％～75％。,正确
氮的氧化物、二氧化硫、三氧化硫、挥发性酸类、氨水对皮肤粘膜和眼、鼻、喉粘膜都有很强的刺激性。,正确
水浴加热的上限温度是100℃，油浴加热的上限温度是200℃，用硅油作介质时可加热到300℃。,错误
要加强实验室排污处理装置（系统）的建设和管理，做到达标排放。实验废弃物不得倒入自来水下水道或普通垃圾箱等处。,正确
仪器设备发生故障后，必须及时报告管理人员，并详细登记。,正确
实验室发生非火灾类事故，应立即报告单位负责人和学校保卫处，设立警戒区并撤离无关人员，以减轻潜在危害。,正确
实验中遇到一般烫伤和烧伤，不要弄破水泡，在伤口处用95%的酒精轻涂伤口，涂上烫伤膏或涂一层凡士林油，再用纱布包扎。  ,正确
实验室人员发生触电时，应迅速切断电源，将触电者上衣解开，取出口中异物，然后进性人工呼吸。当患者恢复呼吸时，应立即送医院。  ,正确
接触化学危险品、剧毒以及致病微生物等的仪器设备和器皿，必须有明确醒目的标记。使用后及时清洁，特别是维修保养或移至到其他场地前，必须进行彻底的净化。,正确
发生病原微生物被盗、被抢、丢失、泄漏，承运单位、护送人、保藏机构和实验室的设立单位未依照中华人民共和国卫生部《病原微生物实验室生物安全管理条例》的规定报告，造成传染病传播、流行或者其他严重后果的，由实验室的设立单位或者承运单位、保藏机构的上级主管部门对主要负责人、直接负责的主管人员和其他直接责任人员，依法给予撤职、开除的处分；构成犯罪的，依法追究刑事责任。,正确
对酸痛的肌肉冷敷有助于损伤组织的修复及痉挛的缓解。,错误
实验室一旦发生起火，不要惊慌失措，应利用消防器材，采取有效措施控制、扑灭火灾。,正确
可以将氯气与氨气混放在一个房间。,错误
取用强碱性试剂后的小勺应擦净后存放。,错误
使用强氧化剂时环境温度不宜过高，通风应良好，并不要与有机物或还原性物质共同使用。,正确
对产生有毒气体的实验应在通风橱内进行。通过排风设备将毒气排到室外，以免污染室内空气。,错误
生物废弃物应置于专用的、有标记的容器内。,正确
误服强酸导致消化道烧灼痛，为防止进一步加重损伤，不能催吐，可口服牛奶、鸡蛋清、植物油等。 ,正确
"冷凝冷却系统上连接用的橡胶管必须定期检查更换,避免管子老化而引起漏水事故的发生。",正确
危险化学品用完后就可以将安全标签撕下。,错误
使用灭火器扑救火灾时要对准火焰的什么部位喷射。,C
静电电压最高可达?(?)?，放电时易产生静电火花，引起火灾。,B
实验室内的汞蒸气会造成人员慢性中毒，为了减少汞液面的蒸发，可在汞液面上覆盖什么液体，效果最好？,B
对实验室安全检查的重点是：,D
下列选项中属于防爆的措施有：,D
以下哪个药品（试剂）在使用时不用注意干燥防潮？,D
领取剧毒物品时，必须：）,A
为了防止在开启或关闭玻璃容器时发生危险，下列哪一种瓶塞不适宜作为盛放具有爆炸危险性物质的玻璃容器的瓶塞？,B
"2,4-二硝基苯甲醚、萘、二硝基萘等可升华固体药品燃烧应如何进行灭火：",D
可以单独使用剧毒物品。,错误
眼部碱灼伤时，应立即用大量清水或生理盐水进行彻底冲洗，冲洗时必须将上下眼睑拉开，水不要流经未伤的眼睛，不可直接冲击眼球，然后可用2%～3%硼酸溶液进一步冲洗。,正确
触电事故是因电流流过人体而造成的。,正确
实验大楼因出现火情发生浓烟时应迅速离开，当浓烟已穿入实验室内时，要沿地面匍匐前进，因地面层新鲜空气较多，不易中毒而窒息，有利于逃生。当逃到门口时，千万不要站立开门，以避免被大量浓烟熏倒。,正确
实验室不得乱拉电线，套接接线板。,正确
CO急性中毒应立即吸氧，以缓解机体缺氧、排出毒物。,正确
干粉灭火剂是扑救精密仪器火灾的最佳选择。,错误
乙炔的爆炸极限是：2.2％～81％。 ,正确
因处理废液费用很高，应将无毒无害试剂与有毒有害试剂分开处理，例如稀HAc、H2SO4、HCL、NaOH、KOH等溶液可进行中和处理。,正确
凡进行有危险性的实验，应先检查防护措施，确证防护妥当后，才可进行实验。,正确
实验室内应使用空气开关并配备必要的漏电保护器；电气设备应配备足够的用电功率和电线，不得超负荷用电；电气设备和大型仪器须接地良好，对电线老化等隐患要定期检查并及时排除。,正确
红外灯、紫外灯不得安装在木柜或纸箱中使用。,正确
实验中遇到一般割伤，应立即取出伤口内的异物，保持伤口干净，并用酒精棉清除伤口周围的污物，涂上外伤膏或消炎粉。 ,正确
电线接头裸露部分可用医用胶布等包裹绝缘。,错误
存有易燃易爆物品的实验室禁止使用明火，如需加热可使用封闭式电炉、加热套或可加热磁力搅拌器。,正确
有毒化学药品溅在皮肤上时，可用乙醇等有机溶剂擦洗。,错误
汞、苯、铬酸盐和氰化物属于对人体具有极度危害的物质。,正确
不能将实验室易燃易爆物品带出实验室。,正确
只要不影响实验，可以在实验室洁净区域铺床睡觉。,错误
实验室冰箱内不得混放容易产生放热反应的化学品。,正确
高校实验室科研教学活动中产生和排放的废气、废液、固体废物、噪声、放射性等污染物，应按环境保护行政主管部门的要求进行申报登记、收集、运输和处置。严禁把废气、废液、废渣和废弃化学品等污染物直接向外界排放。  ,正确
各学院每季度组织有关人员对实验室进行安全与卫生管理的例行检查，记录检查情况，提出存在的问题并限时整改。每次检查结束后须将检查结果形成报告，上报实验室处。 ,正确
电路或电器着火时，使用二氧化碳灭火器灭火。,正确
护送病人时，应取掉口中异物，采用平卧位，头部稍低，保持呼吸畅通。,正确
实验过程中如发生事故，应冷静妥善地处理，尽量把事故解决在萌芽状态。如较为严重，有危及人身安全可能时，应及时撤离现场，并通知邻近实验室工作人员迅速撤离，尽快报警。,正确
做实验时要爱护实验设备，同时注意自身的安全，避免发生事故。,正确
如发现水泵漏水，可以不用切断电源，待实验完毕后再报修。,错误
正在进行实验时，可带着防护手套接听电话。,错误
当某些用石蜡封住瓶塞的装有挥发性物质或易受热分解放出气体的药品瓶子打不开时，可将瓶子放在火上烘烤。,错误
收集、贮存危险废物，必须按照危险废物特性分类进行。禁止混合收集、贮存、运输、处置性质不相容而未经安全性处置的危险废物。 ,正确
使用危险化学品单位应当制定本单位事故应急救援预案，配备应急救援人员和必要的应急救援器材、设备，并定期组织演练。,正确
各种气瓶的存放，必须远离明火、避免阳光直晒，搬运时不得碰撞。,正确
当打开房门闻到煤气气味，首先应该怎么办？（）,C
作为化工原料的电石或乙炔着火时，严禁用( )扑救灭火,B
一些固体可燃物在空气不流通、加热温度较低或含水分较高时就会（）,B
建筑物安全疏散设施不包括（）,D
像汽车排气管中飞出的无焰燃烧的火星具有引发火灾的危险性，需要采取相应的安全对策，下列说法不正确的是（）,D
学校各单位应当保障疏散通道、安全出口畅通，严禁以下哪种行为（）,D
使用办公自动化设备时，应当遵守下列规定：,D
涉及有毒试剂的操作时，应采取的保护措施包括：,D
稀硫酸溶液的正确制备方法是：,B
实验过程中发生烧烫(灼)伤，错误的处理方法是：,C
活泼金属应存放在何处？,C
SO2易溶于水，大量吸入会引起喉水肿，肺水肿、窒息。,正确
在遇到高压电线断落地面时，导线断落点20米内，禁止人员进入。如果不慎在此范围内，应背朝电线断落点，采用单脚跳或双脚并跳，撤离现场。,正确
禁止邮寄属于国家秘密的文件、资料和其他物品出境，禁止非法携运属于国家秘密的文件、资料和其他物品出境。,正确
废弃的利器(包括针头、小刀、金属和玻璃等)应直接弃置于耐扎容器内。,正确
"实验时,禁止用口吸方式移液。",正确
脑震荡急救时，应让伤员平卧、安静，不可坐起或站立。头部可冷敷，身上保暖。若有昏迷现象者可掐人中、内关穴；如若呼吸发生障碍，可施行人工呼吸。,正确
可以在纸上称量过氧化钠。,错误
吸滤瓶及一些厚壁玻璃容器，清洗后可直接放入温度较高的烘箱进行干燥。,错误
"对于含汞、砷、锑、铋等离子的废液,实验室可以先进行如下处理：控制酸度0.3mol/L[H+]，使其生成硫化物沉淀。 ",正确
如果可燃液体在容器内燃烧时，应从容器的一侧上部向容器中喷射但注意不能将喷流直接喷射在燃烧液面上，防止灭火剂的冲力将可燃液体冲出容器而扩大火势。,正确
实验大楼因出现火情发生浓烟已穿入实验室内时，以下哪种行为是正确的？,A
感染动物实验完成后，动物尸体及废弃物转移出特殊实验室前，应采取哪种方法处理？,B
实验室安全管理实行哪种管理？,A
化学药品存放室要有防盗设施，保持通风，试剂存放应：,A
不会发生爆炸的是：,B
对人类而言，下列那种情况不属于生物威胁的来源：,C
一般准备活动主要是一些全身性身体练习，主要包括         、踢腿、弯腰等。,C
处置实验过程产生的剧毒药品废液，说法错误的是：,D
为了安全，须贮存于煤油中的金属是：,A
有些固体化学试剂接触空气即能发生强烈氧化作用，如黄磷，应如何保存：,A
据统计，火灾中死亡的人有80%以上属于烟气窒息致死。,正确
测试数据应进行异地备份。,正确
一般的实验室只要干净、卫生情况良好，就可以饲养动物或进行动物实验。,错误
触电时，不可人去拉（可用木棒把伤员挑开），应立即切断电源，然后先做人工呼吸，再做心脏按压，同时报120送医院进行处理。,正确
实验室如发现存在安全隐患，要及时向所在学院和实验室负责人、保卫处、实验室处报告，并采取措施进行整改。对安全隐患隐瞒不报或拖延上报的，学校将对相关责任人进行严肃处理。,正确
实验仪器使用时要有人在场，不得擅自离开。,正确
发现实验室楼的配电箱起火，可以用楼内的消火栓放水灭火。,错误
当发生火情时尽快沿着疏散指示标志和安全出口方向迅速离开火场。 ,正确
皮肤被黄磷灼伤禁用含油敷料。,正确
受阳光照射易燃烧、易爆炸或产生有毒气体的化学危险品和桶装、罐装等易燃液体、气体应当在阴凉通风的地点存放。,正确
化学危险物品应当分类、分项存放，还原性试剂与氧化剂、酸与碱类腐蚀剂等不得混放，相互之间保持安全距离。,正确
对危险废物的容器和包装物以及收集、贮存、运输、处置危险废物的设施、场所，必须设置危险废物识别标志。  ,正确
易燃、易爆气体和助燃气体（氧气等）可以混放在一起，并靠近热源和火源。,错误
在实验室内一切有可能产生毒性蒸气的工作必须在通风橱中进行，并有良好的排风设备。  ,正确
阻拦报火警或者谎报火警的给予（ ）处罚。,C
消防安全重点单位对员工的宣传教育和培训内容包括（),D
在液体（固体）表面产生足够的可燃蒸气，遇火能产生一闪即灭的火焰燃烧现象称（）,B
（）都有维护消防安全、保护消防设施、预防火灾、报告火警的义务,A
欲除去氯气时，以下哪一种物质作为吸收剂最为有效？,C
进行危险性实验时，应：,B
下列粉尘中，哪种粉尘可能会发生爆炸：,B
在铣削中清理切屑时，应使用:,B
傍晚锻炼结束与睡觉的间隔时间要在多少时间以上，否则，会影响夜间的休息？,B
取用试剂时，错误的说法是：,D
化学品的毒性可以通过皮肤吸收、消化道吸收及呼吸道吸收等三种方式对人体健康产生危害，下列不正确的预防措施是：,A
实验室地面出现溢水的主要原因之一是忘记关闭水龙头，尤其停水时忘关水龙头，因此离开实验室时要认真检查。,正确
应增强信息安全的意识，注意保护教学科研活动中实验技术参数、观测数据、实验分析结果及新的科学发现等资料。 ,正确
上网信息的保密管理坚持“谁上网谁负责”的原则。,正确
用手搬运重物时，应先以半蹲姿势，抓牢重物，然后用腿肌出力站起，切勿弯腰，以防伤及背部和腰。,正确
液氯钢瓶与液氨钢瓶可以在同库存放。,错误
对高压气体钢瓶要分类保管，直立固定。严禁将氯气与氨气，氢气与氧气，乙炔与氧气混放在一个房间。,正确
空调电源必须单独拉线，不得使用接线板。,正确
在照明电路上可以不用安装漏电保护器。,错误
实验室内可以使用电炉、微波炉、电磁炉、电饭煲等取暖、做饭。,错误
在装置汞的仪器下面应放一搪瓷盘，以免不慎将汞洒在地上。,正确
对沾染过有毒物质的仪器和用具，实验完毕应立即采取适当方法处理以破坏或消除其毒性。,正确
实验后剩余的金属钠，应用大量的水冲洗。,错误
"对于化学试剂或未知物,允许直接用鼻子嗅气味，不用以手煽出少量气体来嗅觉。 ",错误
在室外灭火时，应站在什么位置 ？,A
不需在棕色瓶中或用黑纸包裹，置于低温阴凉处的药品是：,C
雷电放电具有什么特点？,A
实验中如遇刺激性及神经性中毒，先服牛奶或鸡蛋白使之缓和，，再服用：,B
诱发安全事故的原因是：,D
实验室生物安全等级分四级，哪级生物安全防护要求最高？,D
混和或相互接触时，不会产生大量热量而着火、爆炸的是：,B
实验室毒物进入人体有三条途径即皮肤、消化道和呼吸道。 实验室防毒应加强个人防护。,正确
急救时伤口包扎越紧越好。,错误
生物类实验室废弃物（包括动物残体等），可以丢弃在普通垃圾箱内。 ,错误
安全事故处理应本着先人后物的原则，果断地、坚决地快速处置。,正确
电加热设备必须有专人负责使用和监督，离开时要切断电源。,正确
可以将乙炔与氧气混放在一个房间。,错误
下列设施不符合作为安全出口条件的是（）,C
在火灾初发阶段，应采取哪种方法撤离？,B
以下对放射性垃圾的安全管理不正确的是：,A
以下哪项不属于死亡的特征?,A
使用离心机时下列哪种操作是错误的？,B
扑救易燃液体火灾时，应用那种方法？,A
剧毒物品保管人员应做到:,D
氯气急性中毒可引起严重并发症，如气胸、纵隔气肿等，不会引起什么症状？,C
做危险化学实验时应配带各种眼镜进行防护，包括戴隐形眼镜。,错误
"皮肤烧伤后如有水泡,应及时将水泡刺破,以利于其恢复。",错误
实验室的电源总闸没有必要每天离开时都关闭，只要关闭常用电气的电源即可。,错误
回收不便时可以将实验室废弃物掩埋处理。,错误
人工呼吸的方法是捏紧伤者鼻孔，深吸一口气后紧贴伤者的口向口内吹气，时间约为2秒钟，吹气完毕后，立即松开伤者的鼻孔，让他自行呼气，时间约3秒钟。如此以每分钟约12次的速度进行。  ,正确
发生意外后先对伤员进行必要的止血、包扎、固定等处理，然后尽可能用担架搬运，搬运时病人始终处脚朝前，头朝后，以便于随时观察伤者情况变化，及时实施急救处理。,正确
铅被加热到400℃以上就有大量铅蒸汽逸出，在空气中迅速氧化为氧化铅，形成烟尘，易被人体吸入，造成铅中毒。,正确
CO经呼吸道进入血液后，立即与血红蛋白结合形成碳氧血红蛋白，CO与血红蛋白的亲和力比氧大，致使血携氧能力下降，同时碳氧血红蛋白的解离速度却比氧合血红蛋白的解离慢3600倍，且碳氧血红蛋白的存在影响氧合血红蛋白的解离，阻碍了氧的释放，导致低氧血症，引起组织缺氧。,正确
Cl2和CO作用生成的光气毒性比Cl2大。,正确
实验进行前要了解实验仪器的使用说明及注意事项，实验过程中要严格按照操作规程进行操作。,正确
离开实验室前应检查门、窗、水龙头是否关好，通风设备、饮水设施、计算机、空调等是否已切断电源。,正确
溅入口中已下咽的毒物，应根据毒物的性质服解毒剂，并立即送医院。 ,正确
急性中毒发生时，救护人员在抢救前要做好自身呼吸系统和皮肤的防护，以免自身中毒、使事故扩大。,正确
实验室安全工作的中心任务是防止发生人员伤亡、财产和科研资料损失。,正确
"为了确保动物实验的正常开展,应严格控制无关人员、昆虫及野生动物、病原微生物进入实验室。",正确
出现内伤如挫伤、肌肉拉伤、关节扭伤、滑囊炎、腱鞘炎等24小时内一般用冷敷，加压包扎，抬高受伤的肢体等方法，尽可能减少受伤部位的出血。,正确
扑救气体火灾切忌盲目扑灭火势，首先应切断火势蔓延途径，然后疏散火势中压力容器或受到火焰辐射热威胁的压力容器，不能疏散的部署水枪进行冷却保护。,正确
实验室常用的灭火方法：用水灭火、砂土灭火、灭火器。,正确
以下情况不宜进行游泳锻炼：患心脏病、高血压、肺结核和身体虚弱的人；严重沙眼、传染性皮肤病、细菌性肠炎等人；病刚好或发烧头疼、伤风感冒、过度疲劳、饥饿时；饭后45—60分钟和剧烈运动后不久；女生月经期不宜下水。,正确
消防安全重点单位应当按照灭火和应急疏散预案，至少（ ）进行一次演练，其他单位应当结合本单位实际，至少（ ）组织一次演练（）,C
烟头中心温度可达( )，它超过了棉、麻、毛织物、纸张、家具等可燃物的燃点，若乱,C
消防安全四个能力不包括以下（）,D
一般居民住宅、办公场所，若以防止触电为主要目的时，应选用漏电动作电流为多少的漏电保护开关？,C
漏电保护器对下例哪种情况不起作用？,C
有机物或能与水发生剧烈化学反应的药品着火，应用       ，以免扑救不当造成更大损害。,C
化学危险药品对人身会有刺激眼睛、灼伤皮肤、损伤呼吸道、麻痹神经、燃烧爆炸等危险，一定要注意化学药品的使用安全，以下不正确的做法是：,C
对于实验室内溅落的汞物体，应尽量捡拾起来放好，然后洒上硫磺、多硫化钙等使汞生成不挥发的难溶盐。,正确
机械温控冰箱可以存放易燃易爆的化学品。,错误
在使用高压灭菌锅、烤箱等高压加热设备时，必须有人值守。,正确
早晨、中饭、晚上等几个人员稀少的时间段，要特别注意随手关门，确保实验室财产和个人物品的安全。,正确
人患感冒以后，可以通过激烈的体育锻炼使身体出汗，进而治病。,错误
公安部门负责危险化学品的公共安全管理，负责发放剧毒化学品购买凭证和准购证，负责审查核发剧毒化学品公路运输通行证，对危险化学品道路运输安全实施监督，并负责前述事项的监督检查。  ,正确
金属锂、钠、钾及金属氢化物要注意使用和保存，尤其不能与水直接接触。,正确
下列哪一项不属于《高等学校消防安全管理规定》要求（）,D
危险化学品包括哪些物质？,D
引起电器线路火灾的原因是：,D
师生进入实验室工作，一定要搞清楚   等位置，有异常情况，要关闭相应的总开关。,B
进行较剧烈的体育锻炼如球类比赛、快速跑、健美操等，运动后应多补充一些碱性食物，如：,A
往玻璃管上套橡皮管（塞）时，不正确的做法是：,D
箱式电阻炉使用过程中，当温度升至多少度以上后，不得打开炉门进行激烈冷却，以免烧坏炉衬和电热元件?,A
试剂或异物溅入眼内，处理措施正确的是：,D
钠，钾等碱金属须贮存于：,C
实验中，进行高温操作时，必须佩戴防高温手套。,正确
一氧化碳泄漏，应先施行通风，以驱散一氧化碳气体，并切断一氧化碳泄漏源。,正确
计算机使用完毕后，应将显示器的电源关闭，以避免电源接通，产生瞬间的冲击电流。,正确
创造安全、卫生的实验室工作环境，仅仅是实验工作人员的责任。,错误
冷却灭火法是将可燃物冷却到其燃点以下，停止燃烧反应。,正确
需要加热的实验装置要选用安全的加热恒温设施，禁止使用电热毯、加热带等不安全的设备。,正确
在易燃易爆场所作业的人员不能穿戴( ),A
以下液体中，投入金属钠最可能发火燃烧的是：,C
用于饲养实验动物或进行动物实验的设施或部门，必须具备什么证明？,B
"以下止血方法中,哪种不作为首选应用?",D
在实验内容设计过程中，要尽量选择什么物品做实验？,A
易燃化学试剂存放和使用的注意事项正确是：,D
下列哪种物质与乙醇混溶时易发生爆炸？,C
电路或电器着火时，可用泡沫灭火器灭火。,错误
涉源单位产生放射性废源废物要及时送贮（一般3个月内），按规定处置，不得直接排入下水道或混装到普通垃圾中。 ,正确
利用江河水域进行游泳锻炼时，要事先了解水域的水温，漩涡，水流，深水区、浅水区，水底水中情况等。,正确
盛装废弃危险化学品的容器和受废弃危险化学品污染的包装物，必须按照危险废物进行管理。,正确
危险物质用惰性溶剂稀释后比较安全，该溶液若洒到布上，待溶剂蒸发变干后可以再使用。,错误
对于含氰废液可以进行处理：加入氢氧化钠使pH值10以上，加入过量的高锰酸钾（3%）溶液，使CN根氧化分解。CN根含量高时，可加入过量的次氯酸钙和氢氧化钠溶液。,正确
实验室内的浓酸、浓碱处理，一般要先中和后倾倒，并用大量的水冲洗管道。 ,正确
二氧化碳灭火器使用不当，可能会造成冻伤。,正确
高层建筑发生火灾时，通常不允许人员利用建筑物中的（）进行安全疏散,C
危险化学品的急性毒性表述中，半致死量LD50代表什么意义？,B
万一发生电气火灾，首先应该采取的第一条措施是：,B
一旦出现实验动物生物安全性的问题，首先必须向学校哪个机构报告？,D
实验动物的生物安全性，指的是涉及动物的哪种实验？,D
强氧化剂与有机物、镁粉、铝粉、锌粉可形成爆炸性混合物，以下哪种物质是安全的？,C
不准在车间打闹，不准随意攀登吊车、墙梯或者其它设备，不准在吊车吊运物体运行线上行走或停留。,正确
夏季天气热时可以在实验室内穿露有脚趾的鞋。,错误
强酸灼伤时，必须先用大量流水彻底冲洗，然后在皮肤上擦拭碱性药物，否则会加重皮肤损伤。,正确
对有异味或挥发性的废液或废物要丢弃在远离人群的地方。,错误
疏散指示灯，一般设在距离地面不超过（）的墙面上,C
全国消防宣传月是每年的哪一月（）,C
实验室生物安全防护的内容包括：,D
领取及存放化学药品时，以下说法错误的是：,D
塑料制品在烘干过程中温度不能超过100℃，植物样品在烘干过程中不超过70℃。,错误
除非特殊需要并采取一定的安全保护措施，否则空调、计算机、饮水机等不得无人开机过夜。,正确
发生剧毒化学品被盗、丢失、误售、误用后必须立即向当地公安部门报告而触犯刑律的，否则对负有责任的主管人员和其他直接责任人员依照刑法追究刑事责任。,正确
实验产生的废液（废酸、废碱等）和废弃固体物质可直接倒入下水道或普通垃圾桶。,错误
消防工作要贯彻( ),B
"为防止肌肉痉挛，夏季进行长时间的运动时，要注意补充      ；冬季锻练时,要注意保暖。",A
以下物质中，哪些应该在通风橱内操作?,D
"皮肤被黄磷灼时,应及时脱去污染的衣物,并立即用清水(由五氧化二磷、五硫化磷、五氯化磷引起的灼伤禁用水洗)或5%硫酸铜溶液或3%过氧化氢溶液冲洗，再用5%碳酸氢钠溶液冲洗，中和所形成的磷酸，然后用1：5000高锰酸钾溶液湿敷，或用2%硫酸铜溶液湿敷，以使皮肤上残存的黄磷颗粒形成磷化铜。",正确
"进行电气维修必须先关掉电源,在设置告知牌后，方可进行。",正确
箱式电阻炉的使用必须经过实验室管理员的同意，确保安全用电。,正确
窒息灭火法是将氧气浓度降低至最低限度，以防止火势继续扩大。其主要工具是：,C
许多易燃固体严禁与酸、氧化剂接触。是因为它具有（）的危险特性,B
下面所列试剂不用分开保存的是：,D
走廊比较通风时，可存放危险化学品。,错误
一定强度的电场，磁场，电磁场都可能对人有损害。,正确
国家秘密载体是指以文字、数据、符号、图形、图像、声音等方式记载国家秘密信息的纸介质、磁介质、光盘等各类物品。磁介质载体包括计算机硬盘、软盘和录音带、录像带等。,正确
教师应学习研究有关实验室安全的知识，同时在理论教学和实验中对学生进行安全知识教育、教会学生如何正确使用实验设备和实验操作，教会学生在突发事故发生时如何自我保护、相互救援、安全撤离。  ,正确
抗菌剂不能够杀死微生物，只能抑制它们生长和繁殖。 ,正确
自然地形跑步时要注意做好缓冲动作，用全脚掌先着地，后蹬程度和前摆高度要小一些。,错误
酒精灯内的酒精量最多可加九分满。,错误
《高等学校消防安全管理规定》是由国家哪个部门签署的（）,D
一般无特殊情况，每个人的晨脉是相对稳定的。如果运动锻炼后，第二天晨脉不变，说明身体状况良好或运动量合适；如果体育锻炼后，第二天的晨脉较以前增加多少次/分以上，说明前一天的活动量偏大，应适当调整运动量？,B
离心操作时，为防液体溢出，离心管中样品装量不能超过离心管体积的多少？,A
一般无机酸、碱液和稀硫酸不慎滴在皮肤上时，正确的处理方法是：,C
加热、回流易燃液体，为防止暴沸、喷溅，蒸馏中途不能添加沸石。,正确
各院系要加强对剧毒、有害、特殊化学药品的管理，建立严格的领取、发放、登记和主管领导审批制度。,正确
因为乙醚长时间与空气接触可以形成羟乙基过氧化氢，成为一种具有猛烈爆炸性的物质，因此，在蒸馏乙醚时不能将液体蒸干。,正确
酒精灯不再使用时，应立刻用嘴吹气灭火。,错误
火灾发生后，千万不要盲目跳楼，可利用疏散楼梯、阳台、窗口等逃生自救。也可用绳子或把床单、被套等撕成条状连成绳索，紧拴在窗框、铁栏杆等可靠的固定物上，用毛巾、布条等保护手心，顺绳滑下，或下到未着火的楼层进行逃生。,正确
混和或相互接触时，不会产生大量热量而着火、爆炸的是：,D
闪点越低，越容易燃烧。闪点在－4℃以上的溶剂是：,A
负载处于工作状态时，可以插、拔、接电气线路。,错误
使用手提灭火器时，拨掉保险销，对准着火点根部用力压下压把，灭火剂喷出，就可灭火。,正确
处理有毒的气体、能产生蒸气的药品及有毒的有机溶剂，必须在通风厨内进行。,正确
电气设备着火时，可以用水扑灭。,错误
根据农业部规定，动物病原微生物按危害程度可分为四类，其中哪类危害程度最高？,A
对于实验室的微波炉，下列哪种说法是错误的？,C
金属Hg具有高毒性，常温下挥发情况如何？,B
以下哪种酸具有强腐蚀性，使用时须做必要防护：,A
比较常见的引起呼吸道中毒的物质，一般是易挥发的有毒有机溶剂（如乙醚、三氯甲烷、苯等）或化学反应所产生的有毒气体（如氰化氢、氯气、一氧化碳等）。,正确
不得带着实验防护手套开门、翻阅书籍、使用电脑。,正确
加强对实验动物管理工作，防止人畜共患病和动物传染病的发生，是搞好生物安全管理工作的根本目标。,正确
发现有人触电，应立即切断电源，不能直接拉触电者，应用木棒或其它绝缘物将人与带电体分离。,正确
苯乙烯、乙酸乙烯酯应如何存放？,A
某人因机械操作不慎，致使左手食指从指根完全离断，急救处理首先是找器皿保存断指，然后包扎残端伤口止血。,错误
如遇呼吸道吸进有毒气体、蒸气、烟雾而引起呼吸系统中毒时，应立即将病人移至室外空气新鲜的地方，解开衣领，使之温暖和安静，切勿随便进行人工呼吸。,正确
遇火、遇潮容易燃烧、爆炸或产生有毒气体的化学危险品，不得在露天、潮湿、漏雨或低洼容易积水的地点存放。,正确
"冷凝冷却系统上连接用的橡胶管必须用铁丝等固定住,以防止因水压过高而造成管子脱落。",正确
当有人呼吸系统中毒时，应迅速使中毒者离开现场，移到通风良好的环境，令中毒者呼吸新鲜空气，情况严重者应及时送医院治疗。,正确
干燥箱和恒温箱的使用温度不能超过最高允许温度。,正确
在遇到高压电线断落地面时，导线断落点多少米内，禁止人员进入。,B
在使用微波炉时，可以使用金属容器以及空载。,错误
燃烧必须具备可燃物、助燃物和点火源三大条件，缺一不可。因此，可以采取尽量隔离的方式来防止实验室火灾的发生。,正确
任何单位和（ ）都有参加有组织的灭火工作的义务,B
被电击的人能否获救，关键在于：,B
溶剂溅出并燃烧应如何处理？,C
一些低毒、无毒的实验废液可以不经处理，直接由下水道排放。,错误
肥胖产生的原因是由于进食过多，消耗过少，使摄入的热量超过了机体所消耗的热量，过多的热量在体内转变成脂肪并大量蓄积，造成脂肪组织异常增加所致。,正确
电气线路着火，要先切断电源，再用干粉灭火器或二氧化碳灭火器灭火，不可直接泼水灭火，以防触电或电气爆炸伤人。,正确
"当被烧伤时,正确的急救方法应该是以最快的速度用冷水冲洗烧伤部位。",正确
实验室中使用臭氧发生设备时，应保证管路气密性，并将尾气用硫代硫酸钠溶液吸收，以免室内臭氧浓度过高。,正确
为避免误食有毒的化学药品，以下说法正确的是：,C
天气较热时，打开腐蚀性液体，应该：,B
对于重金属盐中毒者，可先喝一杯含有几克MgSO4的水溶液，然后立即就医。,正确
乙醇的爆炸极限是：4.3％～19％。,正确
H2O2、AgNO3、AgCl、KMnO4、草酸见光易分解，应置于棕色瓶内，放在阴凉避光处。,正确
在触电现场，若触电者已经没有呼吸或脉搏，此时可以判定触电者已经死亡，可以放弃抢救。,错误
对于无机酸类废液，实验室可以收集后进行如下处理：将废酸慢慢倒入过量的含碳酸钠或氢氧化钙的水溶液中（或用废碱）互相中和，再用大量水冲洗。  ,正确
每次进行体育锻炼的时间一般以30分钟至多少小时为宜？,A
剧毒物品使用完或残存物处理完的空瓶，应：,B
可以在敞口容器中存放易爆物质。,错误
如酚灼伤皮肤，先用浸了甘油或聚乙二醇和酒精混合液（7：3）的棉花除去污物，再用清水冲洗干净，然后用饱和硫酸钠溶液湿敷。但不可用水直接冲洗污物，否则有可能使创伤加重。 ,正确
电气设备和大型仪器须接地良好，对电线老化等隐患要定期检查并及时排除。,正确
铸造实习期间不准穿凉鞋、拖鞋，不准穿短裤，女生不准穿裙子。,正确
建筑物发生火灾时，乘坐电梯疏散即快速又安全省力。,错误
不能将乙醚等易挥发品放入普通冰箱，否则由于挥发气体不断溢出，而普通冰箱启动时有电火花出现，就有可能引起火灾。 ,正确
装有易燃液体的器皿可置于日光下。,错误
实验室内出现火情，若被困在室内时，应迅速打开水龙头，将所有可盛水的容器装满水，并把毛巾打湿。用湿毛巾捂嘴，可以遮住部分浓烟不被吸入。,正确
实验室的废液可以放入同一个废液桶中进行处理。,错误
溴（水）是腐蚀性极强的物质，必须在通风柜中操作，并注意安全。,正确
下列说法错误的是：,D
实验室内的汞蒸气会造成人员慢性重毒，为了减少汞液面的蒸发，可在汞液面上覆盖化学液体（甘油）。,正确
"创伤伤口内有玻璃碎片等大块异物时,应在去医院救治前尽快取出。",错误
实验室内的电线、开关、灯头、插头、插座等一切电器用具，要经常检查是否完好，有无漏电、潮湿、霉烂等情况。一旦有问题应立即报修。  ,正确
辐射工作场所的入口处可以不必放置辐射警示标志和工作信号。,错误
加热试管内物质时，管口应朝向自己，以便看清楚反应过程。,错误
扑灭电器火灾不宜使用下列何种灭火器材？,C
关于重铬酸钾洗液，下列说法错误的是：,A
强酸溅入眼内时，应立即用大量清水或生理盐水进行彻底冲洗，冲洗时必须将上下眼睑拉开，水不要流经未伤的眼睛，不可直接冲击眼球。,正确
户外运动遇到危险时，要保持冷静，对自己的处境有清醒的判断，然后选择适宜的求救方法，如将“SOS”写在旗帜、风筝、沙滩、沙漠、雪地或其他醒目的地方，另外还可利用喊声、口哨声、挥动衣服、手帕、旗帜、晃动镜子的反射光、点营火、敲打一切可以发出响声的物品方法求救。,正确
涉辐人员必须持有辐射安全与防护培训合格证书，并佩带个人剂量计进行实验。,正确
因吸入少量氯气、溴蒸气而中毒，可用碳酸氢钠溶液漱口，不可进行人工呼吸。,正确
能相互反应产生有毒气体的废液，不得倒入同一收集桶中。若某种废液倒入收集桶会发生危险，则应单独暂存于一容器中，并贴上标签。,正确
实验过程中应尽量避免实验仪器在夜间无人看管的情况下连续运转，如果必须在夜间使用，应严格检查实验仪器的漏电保护装置及空气开关等工作正常。,正确
在实验室区域内，可以：,C
实验解剖用过的无污染动物尸体，应：,C
